Level,Label,Score,Nalt_URI,1,2,3,4,5,6,7,8
1,animals,100,https://lod.nal.usda.gov/nalt/65,animals,,,,,,,
2,germ-free animals,100,https://lod.nal.usda.gov/nalt/9584,,germ-free animals,,,,,,
2,specific pathogen-free animals,100,https://lod.nal.usda.gov/nalt/42856,,specific pathogen-free animals,,,,,,
2,sentinel animals,100,https://lod.nal.usda.gov/nalt/46008,,sentinel animals,,,,,,
2,captive animals,100,https://lod.nal.usda.gov/nalt/105920,,captive animals,,,,,,
2,dead animals,100,https://lod.nal.usda.gov/nalt/45,,dead animals,,,,,,
2,domestic animals,100,https://lod.nal.usda.gov/nalt/9579,,domestic animals,,,,,,
2,downer animals,100,https://lod.nal.usda.gov/nalt/9580,,downer animals,,,,,,
2,farmed animal species,100,https://lod.nal.usda.gov/nalt/7150,,farmed animal species,,,,,,
2,fistulated animals,100,https://lod.nal.usda.gov/nalt/339492,,fistulated animals,,,,,,
2,mutants,100,https://lod.nal.usda.gov/nalt/14079,,mutants,,,,,,
3,knockout mutants,100,https://lod.nal.usda.gov/nalt/48530,,,knockout mutants,,,,,
2,food animals,100,https://lod.nal.usda.gov/nalt/9581,,food animals,,,,,,
2,fur-bearing animals,100,https://lod.nal.usda.gov/nalt/9582,,fur-bearing animals,,,,,,
2,game animals,100,https://lod.nal.usda.gov/nalt/9583,,game animals,,,,,,
2,germ-free animals,100,https://lod.nal.usda.gov/nalt/9584,,germ-free animals,,,,,,
2,invertebrates,100,https://lod.nal.usda.gov/nalt/9359,,invertebrates,,,,,,
3,macroinvertebrates,100,https://lod.nal.usda.gov/nalt/47594,,,macroinvertebrates,,,,,
3,soil invertebrates,100,https://lod.nal.usda.gov/nalt/35133,,,soil invertebrates,,,,,
4,earthworms,100,https://lod.nal.usda.gov/nalt/35126,,,,earthworms,,,,
2,laboratory animals,100,https://lod.nal.usda.gov/nalt/9147,,laboratory animals,,,,,,
3,amphibians,100,https://lod.nal.usda.gov/nalt/40,,,amphibians,,,,,
4,caecilians,100,https://lod.nal.usda.gov/nalt/68520,,,,caecilians,,,,
4,frogs,100,https://lod.nal.usda.gov/nalt/7156,,,,frogs,,,,
5,bullfrogs,100,https://lod.nal.usda.gov/nalt/337027,,,,,bullfrogs,,,
5,Xenopus laevis,100,https://lod.nal.usda.gov/nalt/63629,,,,,Xenopus laevis,,,
4,salamanders and newts,100,https://lod.nal.usda.gov/nalt/8080,,,,salamanders and newts,,,,
5,Ambystoma mexicanum,100,https://lod.nal.usda.gov/nalt/255147,,,,,Ambystoma mexicanum,,,
3,birds,100,https://lod.nal.usda.gov/nalt/106,,,birds,,,,,
4,chickens,100,https://lod.nal.usda.gov/nalt/19929,,,,chickens,,,,
4,Taeniopygia guttata,100,https://lod.nal.usda.gov/nalt/190060,,,,Taeniopygia guttata,,,,
3,fish,100,https://lod.nal.usda.gov/nalt/845,,,fish,,,,,
4,Cichlidae,100,https://lod.nal.usda.gov/nalt/26238,,,,Cichlidae,,,,
4,Danio rerio,100,https://lod.nal.usda.gov/nalt/69971,,,,Danio rerio,,,,
4,Oncorhynchus mykiss,100,https://lod.nal.usda.gov/nalt/55842,,,,Oncorhynchus mykiss,,,,
3,invertebrates,100,https://lod.nal.usda.gov/nalt/9359,,,invertebrates,,,,,
4,arthropods,100,https://lod.nal.usda.gov/nalt/79,,,,arthropods,,,,
5,Merostomata,100,https://lod.nal.usda.gov/nalt/24577,,,,,Merostomata,,,
4,Cephalopoda,100,https://lod.nal.usda.gov/nalt/637,,,,Cephalopoda,,,,
5,Octopoda,100,https://lod.nal.usda.gov/nalt/285121,,,,,Octopoda,,,
6,Octopodidae,100,https://lod.nal.usda.gov/nalt/23765,,,,,,Octopodidae,,
7,Octopus (Octopodidae),100,https://lod.nal.usda.gov/nalt/55627,,,,,,,Octopus (Octopodidae),
5,Sepiida,100,https://lod.nal.usda.gov/nalt/285118,,,,,Sepiida,,,
6,Sepiidae,100,https://lod.nal.usda.gov/nalt/23767,,,,,,Sepiidae,,
4,Hydra,100,https://lod.nal.usda.gov/nalt/46250,,,,Hydra,,,,
3,mammals,100,https://lod.nal.usda.gov/nalt/558,,,mammals,,,,,
4,cats,100,https://lod.nal.usda.gov/nalt/22915,,,,cats,,,,
4,dogs,100,https://lod.nal.usda.gov/nalt/21847,,,,dogs,,,,
4,ferrets,100,https://lod.nal.usda.gov/nalt/39893,,,,ferrets,,,,
5,Atelidae,100,https://lod.nal.usda.gov/nalt/221169,,,,,Atelidae,,,
6,Atelinae,100,https://lod.nal.usda.gov/nalt/221170,,,,,,Atelinae,,
7,Ateles,100,https://lod.nal.usda.gov/nalt/13564,,,,,,,Ateles,
8,Ateles geoffroyi,100,https://lod.nal.usda.gov/nalt/221179,,,,,,,,Ateles geoffroyi
6,Alouatta,100,https://lod.nal.usda.gov/nalt/6851,,,,,,Alouatta,,
5,Pitheciidae,100,https://lod.nal.usda.gov/nalt/269868,,,,,Pitheciidae,,,
6,Callicebus,100,https://lod.nal.usda.gov/nalt/342191,,,,,,Callicebus,,
5,Cebidae,100,https://lod.nal.usda.gov/nalt/6854,,,,,Cebidae,,,
6,Aotus (Cebidae),100,https://lod.nal.usda.gov/nalt/10604,,,,,,Aotus (Cebidae),,
7,Aotus nancymaae,100,https://lod.nal.usda.gov/nalt/343758,,,,,,,Aotus nancymaae,
6,Callimico,100,https://lod.nal.usda.gov/nalt/269778,,,,,,Callimico,,
7,Callimico goeldii,100,https://lod.nal.usda.gov/nalt/269779,,,,,,,Callimico goeldii,
6,Callithrix,100,https://lod.nal.usda.gov/nalt/21306,,,,,,Callithrix,,
8,Callithrix aurita,100,https://lod.nal.usda.gov/nalt/269783,,,,,,,,Callithrix aurita
8,Callithrix flaviceps,100,https://lod.nal.usda.gov/nalt/269787,,,,,,,,Callithrix flaviceps
8,Callithrix geoffroyi,100,https://lod.nal.usda.gov/nalt/255237,,,,,,,,Callithrix geoffroyi
8,Callithrix jacchus,100,https://lod.nal.usda.gov/nalt/21307,,,,,,,,Callithrix jacchus
8,Callithrix penicillata,100,https://lod.nal.usda.gov/nalt/243184,,,,,,,,Callithrix penicillata
6,Callitrichidae,100,https://lod.nal.usda.gov/nalt/21305,,,,,,Callitrichidae,,
7,Leontopithecus,100,https://lod.nal.usda.gov/nalt/21315,,,,,,,Leontopithecus,
8,Leontopithecus caissara,100,https://lod.nal.usda.gov/nalt/190167,,,,,,,,Leontopithecus caissara
8,Leontopithecus chrysomelas,100,https://lod.nal.usda.gov/nalt/43398,,,,,,,,Leontopithecus chrysomelas
8,Leontopithecus chrysopygus,100,https://lod.nal.usda.gov/nalt/17775,,,,,,,,Leontopithecus chrysopygus
8,Leontopithecus rosalia,100,https://lod.nal.usda.gov/nalt/43392,,,,,,,,Leontopithecus rosalia
7,Saguinus,100,https://lod.nal.usda.gov/nalt/21316,,,,,,,Saguinus,
8,Saguinus bicolor,100,https://lod.nal.usda.gov/nalt/269791,,,,,,,,Saguinus bicolor
8,Saguinus geoffroyi,100,https://lod.nal.usda.gov/nalt/269797,,,,,,,,Saguinus geoffroyi
8,Saguinus leucopus,100,https://lod.nal.usda.gov/nalt/269801,,,,,,,,Saguinus leucopus
8,Saguinus oedipus,100,https://lod.nal.usda.gov/nalt/29646,,,,,,,,Saguinus oedipus
6,Cebus,100,https://lod.nal.usda.gov/nalt/22092,,,,,,Cebus,,
7,Cebus apella,100,https://lod.nal.usda.gov/nalt/296495,,,,,,,Cebus apella,
7,Cebus capucinus,100,https://lod.nal.usda.gov/nalt/314522,,,,,,,Cebus capucinus,
6,Saimiri,100,https://lod.nal.usda.gov/nalt/23237,,,,,,Saimiri,,
7,Saimiri sciureus,100,https://lod.nal.usda.gov/nalt/28235,,,,,,,Saimiri sciureus,
7,Saimiri oerstedii,100,https://lod.nal.usda.gov/nalt/269795,,,,,,,Saimiri oerstedii,
7,Sapajus xanthosternos,100,https://lod.nal.usda.gov/nalt/326191,,,,,,,Sapajus xanthosternos,
5,Cercopithecidae,100,https://lod.nal.usda.gov/nalt/23977,,,,,Cercopithecidae,,,
6,Cercocebus,100,https://lod.nal.usda.gov/nalt/23975,,,,,,Cercocebus,,
7,Cercocebus galeritus,100,https://lod.nal.usda.gov/nalt/269804,,,,,,,Cercocebus galeritus,
6,Cercopithecus,100,https://lod.nal.usda.gov/nalt/23985,,,,,,Cercopithecus,,
7,Cercopithecus aethiops,100,https://lod.nal.usda.gov/nalt/4863,,,,,,,Cercopithecus aethiops,
6,Chlorocebus,100,https://lod.nal.usda.gov/nalt/314431,,,,,,Chlorocebus,,
7,Chlorocebus pygerythrus,100,https://lod.nal.usda.gov/nalt/314432,,,,,,,Chlorocebus pygerythrus,
6,Macaca,100,https://lod.nal.usda.gov/nalt/23988,,,,,,Macaca,,
7,Macaca arctoides,100,https://lod.nal.usda.gov/nalt/16225,,,,,,,Macaca arctoides,
7,Macaca fascicularis,100,https://lod.nal.usda.gov/nalt/31202,,,,,,,Macaca fascicularis,
7,Macaca fuscata,100,https://lod.nal.usda.gov/nalt/48042,,,,,,,Macaca fuscata,
7,Macaca mulatta,100,https://lod.nal.usda.gov/nalt/50975,,,,,,,Macaca mulatta,
7,Macaca nemestrina,100,https://lod.nal.usda.gov/nalt/50976,,,,,,,Macaca nemestrina,
7,Macaca radiata,100,https://lod.nal.usda.gov/nalt/18568,,,,,,,Macaca radiata,
7,Macaca silenus,100,https://lod.nal.usda.gov/nalt/269810,,,,,,,Macaca silenus,
6,Papio,100,https://lod.nal.usda.gov/nalt/14452,,,,,,Papio,,
7,Papio anubis,100,https://lod.nal.usda.gov/nalt/56769,,,,,,,Papio anubis,
7,Papio cynocephalus,100,https://lod.nal.usda.gov/nalt/123449,,,,,,,Papio cynocephalus,
7,Papio hamadryas,100,https://lod.nal.usda.gov/nalt/123448,,,,,,,Papio hamadryas,
7,Papio papio,100,https://lod.nal.usda.gov/nalt/123451,,,,,,,Papio papio,
7,Papio ursinus,100,https://lod.nal.usda.gov/nalt/123450,,,,,,,Papio ursinus,
5,Galagidae,100,https://lod.nal.usda.gov/nalt/295181,,,,,Galagidae,,,
6,Galago,100,https://lod.nal.usda.gov/nalt/42162,,,,,,Galago,,
7,Galago granti,100,https://lod.nal.usda.gov/nalt/295180,,,,,,,Galago granti,
5,Hominidae,100,https://lod.nal.usda.gov/nalt/45760,,,,,Hominidae,,,
6,Gorilla,100,https://lod.nal.usda.gov/nalt/43523,,,,,,Gorilla,,
7,Gorilla beringei,100,https://lod.nal.usda.gov/nalt/196313,,,,,,,Gorilla beringei,
7,Gorilla gorilla,100,https://lod.nal.usda.gov/nalt/43524,,,,,,,Gorilla gorilla,
5,Hylobatidae,100,https://lod.nal.usda.gov/nalt/42944,,,,,Hylobatidae,,,
6,Hylobates,100,https://lod.nal.usda.gov/nalt/46460,,,,,,Hylobates,,
7,Hylobates lar,100,https://lod.nal.usda.gov/nalt/255141,,,,,,,Hylobates lar,
5,Lemuridae,100,https://lod.nal.usda.gov/nalt/49616,,,,,Lemuridae,,,
6,Eulemur,100,https://lod.nal.usda.gov/nalt/281204,,,,,,Eulemur,,
7,Eulemur fulvus,100,https://lod.nal.usda.gov/nalt/300464,,,,,,,Eulemur fulvus,
6,Lemur,100,https://lod.nal.usda.gov/nalt/49615,,,,,,Lemur,,
7,Lemur catta,100,https://lod.nal.usda.gov/nalt/243135,,,,,,,Lemur catta,
6,Prolemur,100,https://lod.nal.usda.gov/nalt/285944,,,,,,Prolemur,,
7,Prolemur simus,100,https://lod.nal.usda.gov/nalt/285945,,,,,,,Prolemur simus,
6,Varecia,100,https://lod.nal.usda.gov/nalt/277733,,,,,,Varecia,,
5,Lepilemuridae,100,https://lod.nal.usda.gov/nalt/269864,,,,,Lepilemuridae,,,
6,Lepilemur,100,https://lod.nal.usda.gov/nalt/281198,,,,,,Lepilemur,,
7,Lepilemur edwardsi,100,https://lod.nal.usda.gov/nalt/281199,,,,,,,Lepilemur edwardsi,
5,Lorisidae,100,https://lod.nal.usda.gov/nalt/20565,,,,,Lorisidae,,,
6,Nycticebus,100,https://lod.nal.usda.gov/nalt/269867,,,,,,Nycticebus,,
5,Pongidae,100,https://lod.nal.usda.gov/nalt/10646,,,,,Pongidae,,,
6,Pan (Pongidae),100,https://lod.nal.usda.gov/nalt/56624,,,,,,Pan (Pongidae),,
7,Pan troglodytes,100,https://lod.nal.usda.gov/nalt/24997,,,,,,,Pan troglodytes,
7,Pan paniscus,100,https://lod.nal.usda.gov/nalt/18570,,,,,,,Pan paniscus,
6,Pongo,100,https://lod.nal.usda.gov/nalt/59210,,,,,,Pongo,,
7,Pongo abelii,100,https://lod.nal.usda.gov/nalt/210122,,,,,,,Pongo abelii,
7,Pongo pygmaeus,100,https://lod.nal.usda.gov/nalt/56008,,,,,,,Pongo pygmaeus,
5,Tarsiidae,100,https://lod.nal.usda.gov/nalt/59619,,,,,Tarsiidae,,,
4,rodents,100,https://lod.nal.usda.gov/nalt/25072,,,,rodents,,,,
5,Chinchilla lanigera,100,https://lod.nal.usda.gov/nalt/75690,,,,,Chinchilla lanigera,,,
5,Cynomys,100,https://lod.nal.usda.gov/nalt/31203,,,,,Cynomys,,,
5,gerbils,100,https://lod.nal.usda.gov/nalt/42829,,,,,gerbils,,,
5,guinea pigs,100,https://lod.nal.usda.gov/nalt/23179,,,,,guinea pigs,,,
5,hamsters,100,https://lod.nal.usda.gov/nalt/25091,,,,,hamsters,,,
5,Marmota monax,100,https://lod.nal.usda.gov/nalt/43927,,,,,Marmota monax,,,
5,mice,100,https://lod.nal.usda.gov/nalt/48531,,,,,mice,,,
5,mole rats,100,https://lod.nal.usda.gov/nalt/190028,,,,,mole rats,,,
5,Peromyscus,100,https://lod.nal.usda.gov/nalt/57495,,,,,Peromyscus,,,
5,rats,100,https://lod.nal.usda.gov/nalt/53727,,,,,rats,,,
4,rabbits,100,https://lod.nal.usda.gov/nalt/49693,,,,rabbits,,,,
5,Dutch Belted (rabbit breed),100,https://lod.nal.usda.gov/nalt/34944,,,,,Dutch Belted (rabbit breed),,,
5,New Zealand White Rabbit,100,,,,,,New Zealand White Rabbit,,,
4,ungulates,100,https://lod.nal.usda.gov/nalt/12636,,,,ungulates,,,,
5,horses,100,https://lod.nal.usda.gov/nalt/37683,,,,,horses,,,
5,ruminants,100,https://lod.nal.usda.gov/nalt/9888,,,,,ruminants,,,
6,cattle,100,https://lod.nal.usda.gov/nalt/16304,,,,,,cattle,,
7,beef cattle,100,https://lod.nal.usda.gov/nalt/16293,,,,,,,beef cattle,
7,bulls,100,https://lod.nal.usda.gov/nalt/16297,,,,,,,bulls,
7,bullocks,100,https://lod.nal.usda.gov/nalt/67757,,,,,,,bullocks,
7,calves,100,https://lod.nal.usda.gov/nalt/21177,,,,,,,calves,
7,cows,100,https://lod.nal.usda.gov/nalt/16309,,,,,,,cows,
7,dairy cattle,100,https://lod.nal.usda.gov/nalt/23071,,,,,,,dairy cattle,
7,heifers,100,https://lod.nal.usda.gov/nalt/23072,,,,,,,heifers,
7,oxen,100,https://lod.nal.usda.gov/nalt/23073,,,,,,,oxen,
7,steers,100,https://lod.nal.usda.gov/nalt/23074,,,,,,,steers,
6,small ruminants,100,https://lod.nal.usda.gov/nalt/6859,,,,,,small ruminants,,
7,alpacas,100,https://lod.nal.usda.gov/nalt/6857,,,,,,,alpacas,
7,deer,100,https://lod.nal.usda.gov/nalt/7153,,,,,,,deer,
7,goats,100,https://lod.nal.usda.gov/nalt/22030,,,,,,,goats,
7,llamas,100,https://lod.nal.usda.gov/nalt/7157,,,,,,,llamas,
7,sheep,100,https://lod.nal.usda.gov/nalt/38846,,,,,,,sheep,
7,vicunas,100,https://lod.nal.usda.gov/nalt/49017,,,,,,,vicunas,
5,swine,100,https://lod.nal.usda.gov/nalt/15907,,,,,swine,,,
6,miniature swine,100,https://lod.nal.usda.gov/nalt/53095,,,,,,miniature swine,,
3,reptiles,100,https://lod.nal.usda.gov/nalt/906,,,reptiles,,,,,
4,turtles,100,https://lod.nal.usda.gov/nalt/7161,,,,turtles,,,,
5,Trachemys scripta scripta,100,https://lod.nal.usda.gov/nalt/240383,,,,,Trachemys scripta scripta,,,
2,racing animals,100,https://lod.nal.usda.gov/nalt/9585,,racing animals,,,,,,
2,semi-domestic animals,100,https://lod.nal.usda.gov/nalt/261033,,semi-domestic animals,,,,,,
2,stray animals,100,https://lod.nal.usda.gov/nalt/9586,,stray animals,,,,,,
2,transgenic animals,100,https://lod.nal.usda.gov/nalt/9587,,transgenic animals,,,,,,
2,wild animals,100,https://lod.nal.usda.gov/nalt/9150,,wild animals,,,,,,
2,wool producing animals,100,https://lod.nal.usda.gov/nalt/305677,,wool producing animals,,,,,,
2,working animals,100,https://lod.nal.usda.gov/nalt/9074,,working animals,,,,,,
2,vertebrates,100,https://lod.nal.usda.gov/nalt/8079,,vertebrates,,,,,,
2,young animals,100,https://lod.nal.usda.gov/nalt/8964,,young animals,,,,,,
2,zoo animals,100,https://lod.nal.usda.gov/nalt/9151,,zoo animals,,,,,,
2,insects,100,https://lod.nal.usda.gov/nalt/4395,,insects,,,,,,
1,animal behavior,100,https://lod.nal.usda.gov/nalt/5156,animal behavior,,,,,,,
2,environmental enrichment,100,https://lod.nal.usda.gov/nalt/9057,,environmental enrichment,,,,,,
3,manmade structures,100,https://lod.nal.usda.gov/nalt/5481,,,manmade structures,,,,,
3,plants (botany),100,https://lod.nal.usda.gov/nalt/874,,,plants (botany),,,,,
2,feeding enrichment,100,https://lod.nal.usda.gov/nalt/313312,,feeding enrichment,,,,,,
2,nestlets,100,https://lod.nal.usda.gov/nalt/310450,,nestlets,,,,,,
2,social enrichment,100,https://lod.nal.usda.gov/nalt/68552,,social enrichment,,,,,,
2,toys,100,https://lod.nal.usda.gov/nalt/390,,toys,,,,,,
2,abnormal behavior,100,https://lod.nal.usda.gov/nalt/1750,,abnormal behavior,,,,,,
3,stereotyped behavior,100,https://lod.nal.usda.gov/nalt/1755,,,stereotyped behavior,,,,,
2,animal preferences,100,https://lod.nal.usda.gov/nalt/8987,,animal preferences,,,,,,
2,displacement activities,100,https://lod.nal.usda.gov/nalt/8992,,displacement activities,,,,,,
2,feeding behavior,100,https://lod.nal.usda.gov/nalt/8996,,feeding behavior,,,,,,
3,browsing,100,https://lod.nal.usda.gov/nalt/20122,,,browsing,,,,,
3,foraging,100,https://lod.nal.usda.gov/nalt/39711,,,foraging,,,,,
2,maternal behavior,100,https://lod.nal.usda.gov/nalt/16452,,maternal behavior,,,,,,
2,social behavior,100,https://lod.nal.usda.gov/nalt/16457,,social behavior,,,,,,
3,social dominance,100,https://lod.nal.usda.gov/nalt/9013,,,social dominance,,,,,
3,social facilitation,100,https://lod.nal.usda.gov/nalt/63282,,,social facilitation,,,,,
2,training (animals),100,https://lod.nal.usda.gov/nalt/9268,,training (animals),,,,,,
3,operant conditioning,100,https://lod.nal.usda.gov/nalt/28487,,,operant conditioning,,,,,
3,avoidance conditioning,100,https://lod.nal.usda.gov/nalt/14242,,,avoidance conditioning,,,,,
1,animal science,100,https://lod.nal.usda.gov/nalt/332,animal science,,,,,,,
2,zoology,100,https://lod.nal.usda.gov/nalt/1144,,zoology,,,,,,
2,medical sciences,100,https://lod.nal.usda.gov/nalt/45052,,medical sciences,,,,,,
3,pharmacology,100,https://lod.nal.usda.gov/nalt/24572,,,pharmacology,,,,,
4,drug development,100,https://lod.nal.usda.gov/nalt/330369,,,,drug development,,,,
4,medicinal properties,100,https://lod.nal.usda.gov/nalt/8450,,,,medicinal properties,,,,
2,anthropology,100,https://lod.nal.usda.gov/nalt/10088,,anthropology,,,,,,
3,human-animal relations,100,https://lod.nal.usda.gov/nalt/9260,,,human-animal relations,,,,,
4,human-wildlife relations,100,https://lod.nal.usda.gov/nalt/9141,,,,human-wildlife relations,,,,
2,agricultural sciences,100,https://lod.nal.usda.gov/nalt/300503,,agricultural sciences,,,,,,
2,anatomy and morphology,100,https://lod.nal.usda.gov/nalt/8586,,anatomy and morphology,,,,,,
3,cadaver,100,https://lod.nal.usda.gov/nalt/332018,,,cadaver,,,,,
3,visual aids,100,https://lod.nal.usda.gov/nalt/146549,,,visual aids,,,,,
4,audiovisuals,100,https://lod.nal.usda.gov/nalt/13817,,,,audiovisuals,,,,
1,animal husbandry,100,https://lod.nal.usda.gov/nalt/9054,animal husbandry,,,,,,,
2,facilities management,100,https://lod.nal.usda.gov/nalt/332181,,facilities management,,,,,,
2,standard operating procedures,100,https://lod.nal.usda.gov/nalt/4281,,standard operating procedures,,,,,,
2,animal handling,100,https://lod.nal.usda.gov/nalt/9055,,animal handling,,,,,,
3,capture of animals,100,https://lod.nal.usda.gov/nalt/9051,,,capture of animals,,,,,
2,restraint of animals,100,https://lod.nal.usda.gov/nalt/9072,,restraint of animals,,,,,,
2,animal housing,100,https://lod.nal.usda.gov/nalt/5482,,animal housing,,,,,,
3,shade,100,https://lod.nal.usda.gov/nalt/37449,,,shade,,,,,
3,environmental control systems,100,https://lod.nal.usda.gov/nalt/375,,,environmental control systems,,,,,
4,humidifiers,100,https://lod.nal.usda.gov/nalt/37437,,,,humidifiers,,,,
4,lighting,100,https://lod.nal.usda.gov/nalt/12598,,,,lighting,,,,
5,incandescent lighting,100,https://lod.nal.usda.gov/nalt/47083,,,,,incandescent lighting,,,
5,fluorescent lighting,100,https://lod.nal.usda.gov/nalt/40710,,,,,fluorescent lighting,,,
5,lamps,100,https://lod.nal.usda.gov/nalt/49108,,,,,lamps,,,
6,incandescent lamps,100,https://lod.nal.usda.gov/nalt/189805,,,,,,incandescent lamps,,
6,fluorescent lamps,100,https://lod.nal.usda.gov/nalt/289671,,,,,,fluorescent lamps,,
5,supplementary lighting,100,https://lod.nal.usda.gov/nalt/50044,,,,,supplementary lighting,,,
4,ventilation systems,100,https://lod.nal.usda.gov/nalt/5827,,,,ventilation systems,,,,
3,animal pens,100,https://lod.nal.usda.gov/nalt/9254,,,animal pens,,,,,
3,animal rooms,100,https://lod.nal.usda.gov/nalt/68517,,,animal rooms,,,,,
3,animal space requirements,100,https://lod.nal.usda.gov/nalt/9246,,,animal space requirements,,,,,
3,cages,100,https://lod.nal.usda.gov/nalt/9070,,,cages,,,,,
4,cage design,100,https://lod.nal.usda.gov/nalt/21006,,,,cage design,,,,
4,cage size,100,https://lod.nal.usda.gov/nalt/21010,,,,cage size,,,,
3,group housing,100,https://lod.nal.usda.gov/nalt/9250,,,group housing,,,,,
4,pair housing,100,https://lod.nal.usda.gov/nalt/68548,,,,pair housing,,,,
3,litter (bedding),100,https://lod.nal.usda.gov/nalt/9251,,,litter (bedding),,,,,
3,nest boxes,100,https://lod.nal.usda.gov/nalt/9253,,,nest boxes,,,,,
3,perches (animal housing),100,https://lod.nal.usda.gov/nalt/70047,,,perches (animal housing),,,,,
3,stocking rate,100,https://lod.nal.usda.gov/nalt/9267,,,stocking rate,,,,,
2,animal nutrition,100,https://lod.nal.usda.gov/nalt/9178,,animal nutrition,,,,,,
3,feed intake,100,https://lod.nal.usda.gov/nalt/9326,,,feed intake,,,,,
3,feeding methods,100,https://lod.nal.usda.gov/nalt/4047,,,feeding methods,,,,,
4,feed deprivation,100,https://lod.nal.usda.gov/nalt/9181,,,,feed deprivation,,,,
4,parenteral feeding,100,https://lod.nal.usda.gov/nalt/39720,,,,parenteral feeding,,,,
2,animal breeding,100,https://lod.nal.usda.gov/nalt/9021,,animal breeding,,,,,,
2,animal feeding,100,https://lod.nal.usda.gov/nalt/4048,,animal feeding,,,,,,
3,feeding methods,100,https://lod.nal.usda.gov/nalt/4047,,,feeding methods,,,,,
2,animal care,100,https://lod.nal.usda.gov/nalt/9052,,animal care,,,,,,
2,cryopreservation,100,https://lod.nal.usda.gov/nalt/30341,,cryopreservation,,,,,,
2,animal identification,100,https://lod.nal.usda.gov/nalt/9056,,animal identification,,,,,,
3,animal branding,100,https://lod.nal.usda.gov/nalt/9272,,,animal branding,,,,,
3,bird banding,100,https://lod.nal.usda.gov/nalt/282746,,,bird banding,,,,,
3,ear tags,100,https://lod.nal.usda.gov/nalt/9065,,,ear tags,,,,,
3,radio frequency identification,100,https://lod.nal.usda.gov/nalt/9274,,,radio frequency identification,,,,,
3,tattooing,100,https://lod.nal.usda.gov/nalt/9273,,,tattooing,,,,,
2,blood transfusion,100,https://lod.nal.usda.gov/nalt/18064,,blood transfusion,,,,,,
2,beak trimming,100,https://lod.nal.usda.gov/nalt/9229,,beak trimming,,,,,,
2,blood sampling,100,https://lod.nal.usda.gov/nalt/18122,,blood sampling,,,,,,
2,hoof trimming,100,https://lod.nal.usda.gov/nalt/9231,,hoof trimming,,,,,,
2,animal tissues,100,https://lod.nal.usda.gov/nalt/8967,,animal tissues,,,,,,
3,skin (animal),100,https://lod.nal.usda.gov/nalt/32499,,,skin (animal),,,,,
2,genotyping,100,https://lod.nal.usda.gov/nalt/199091,,genotyping,,,,,,
2,drug injection,100,https://lod.nal.usda.gov/nalt/34637,,drug injection,,,,,,
3,intramuscular injection,100,https://lod.nal.usda.gov/nalt/34650,,,intramuscular injection,,,,,
3,intraocular injection,100,https://lod.nal.usda.gov/nalt/254566,,,intraocular injection,,,,,
4,intravitreal injection,100,https://lod.nal.usda.gov/nalt/254567,,,,intravitreal injection,,,,
3,intraperitoneal injection,100,https://lod.nal.usda.gov/nalt/34651,,,intraperitoneal injection,,,,,
3,intravenous injection,100,https://lod.nal.usda.gov/nalt/34652,,,intravenous injection,,,,,
3,subcutaneous injection,100,https://lod.nal.usda.gov/nalt/34653,,,subcutaneous injection,,,,,
3,fluid therapy,100,https://lod.nal.usda.gov/nalt/40688,,,fluid therapy,,,,,
4,oral rehydration,100,https://lod.nal.usda.gov/nalt/40690,,,,oral rehydration,,,,
2,diagnostic techniques,100,https://lod.nal.usda.gov/nalt/8499,,diagnostic techniques,,,,,,
3,breath tests,100,https://lod.nal.usda.gov/nalt/203771,,,breath tests,,,,,
3,clinical examination,100,https://lod.nal.usda.gov/nalt/26913,,,clinical examination,,,,,
3,endoscopy,100,https://lod.nal.usda.gov/nalt/37074,,,endoscopy,,,,,
3,exercise test,100,https://lod.nal.usda.gov/nalt/12222,,,exercise test,,,,,
3,fecal examination,100,https://lod.nal.usda.gov/nalt/302235,,,fecal examination,,,,,
3,glucose tolerance tests,100,https://lod.nal.usda.gov/nalt/229208,,,glucose tolerance tests,,,,,
3,hearing tests,100,https://lod.nal.usda.gov/nalt/333208,,,hearing tests,,,,,
3,hematologic tests,100,https://lod.nal.usda.gov/nalt/18068,,,hematologic tests,,,,,
3,kidney function tests,100,https://lod.nal.usda.gov/nalt/84007,,,kidney function tests,,,,,
3,liver function tests,100,https://lod.nal.usda.gov/nalt/84877,,,liver function tests,,,,,
3,medical history,100,https://lod.nal.usda.gov/nalt/33026,,,medical history,,,,,
3,necropsy,100,https://lod.nal.usda.gov/nalt/104870,,,necropsy,,,,,
3,pain tests,100,https://lod.nal.usda.gov/nalt/287225,,,pain tests,,,,,
3,plethysmography,100,https://lod.nal.usda.gov/nalt/338617,,,plethysmography,,,,,
3,psychological tests,100,https://lod.nal.usda.gov/nalt/327779,,,psychological tests,,,,,
3,thyroid function tests,100,https://lod.nal.usda.gov/nalt/94693,,,thyroid function tests,,,,,
3,urinalysis,100,https://lod.nal.usda.gov/nalt/153592,,,urinalysis,,,,,
3,xenodiagnosis,100,https://lod.nal.usda.gov/nalt/33027,,,xenodiagnosis,,,,,
4,magnetic resonance imaging,100,https://lod.nal.usda.gov/nalt/8489,,,,magnetic resonance imaging,,,,
4,tomography,100,https://lod.nal.usda.gov/nalt/8496,,,,tomography,,,,
5,computed tomography,100,https://lod.nal.usda.gov/nalt/28416,,,,,computed tomography,,,
6,micro-computed tomography,100,https://lod.nal.usda.gov/nalt/204242,,,,,,micro-computed tomography,,
5,positron-emission tomography,100,https://lod.nal.usda.gov/nalt/146566,,,,,positron-emission tomography,,,
3,genetic techniques and protocols,100,https://lod.nal.usda.gov/nalt/17409,,,genetic techniques and protocols,,,,,
4,polymerase chain reaction,100,https://lod.nal.usda.gov/nalt/8124,,,,polymerase chain reaction,,,,
2,animal tests,100,https://lod.nal.usda.gov/nalt/68527,,animal tests,,,,,,
3,acute toxic class method,100,https://lod.nal.usda.gov/nalt/68515,,,acute toxic class method,,,,,
3,behavioral despair tests,100,https://lod.nal.usda.gov/nalt/291314,,,behavioral despair tests,,,,,
3,forced swimming test,100,https://lod.nal.usda.gov/nalt/291315,,,forced swimming test,,,,,
3,tail suspension test,100,https://lod.nal.usda.gov/nalt/287245,,,tail suspension test,,,,,
3,California mastitis test,100,https://lod.nal.usda.gov/nalt/243947,,,California mastitis test,,,,,
3,elevated plus-maze test,100,https://lod.nal.usda.gov/nalt/291318,,,elevated plus-maze test,,,,,
3,eye irritation tests,100,https://lod.nal.usda.gov/nalt/68528,,,eye irritation tests,,,,,
3,fixed dose procedure,100,https://lod.nal.usda.gov/nalt/68538,,,fixed dose procedure,,,,,
3,formalin test,100,https://lod.nal.usda.gov/nalt/287220,,,formalin test,,,,,
3,hot plate test,100,https://lod.nal.usda.gov/nalt/287250,,,hot plate test,,,,,
3,lethal concentration 50,100,https://lod.nal.usda.gov/nalt/68545,,,lethal concentration 50,,,,,
3,local lymph node assay,100,https://lod.nal.usda.gov/nalt/68546,,,local lymph node assay,,,,,
3,tail flick test,100,https://lod.nal.usda.gov/nalt/287202,,,tail flick test,,,,,
3,local lymph node assay,100,https://lod.nal.usda.gov/nalt/68546,,,local lymph node assay,,,,,
3,skin tests,100,https://lod.nal.usda.gov/nalt/32456,,,skin tests,,,,,
4,patch test,100,https://lod.nal.usda.gov/nalt/68549,,,,patch test,,,,
4,skin prick tests,100,https://lod.nal.usda.gov/nalt/311643,,,,skin prick tests,,,,
2,medical treatment,100,https://lod.nal.usda.gov/nalt/51847,,medical treatment,,,,,,
2,surgery,100,https://lod.nal.usda.gov/nalt/8137,,surgery,,,,,,
3,postoperative care,100,https://lod.nal.usda.gov/nalt/59368,,,postoperative care,,,,,
4,nutritional support,100,https://lod.nal.usda.gov/nalt/12584,,,,nutritional support,,,,
3,preoperative care,100,https://lod.nal.usda.gov/nalt/59573,,,preoperative care,,,,,
2,wound treatment,100,https://lod.nal.usda.gov/nalt/31874,,wound treatment,,,,,,
3,debridement,100,https://lod.nal.usda.gov/nalt/31873,,,debridement,,,,,
2,euthanasia,100,https://lod.nal.usda.gov/nalt/9565,,euthanasia,,,,,,
2,asphyxia,100,https://lod.nal.usda.gov/nalt/915,,asphyxia,,,,,,
2,cervical dislocation,100,https://lod.nal.usda.gov/nalt/24103,,cervical dislocation,,,,,,
2,decapitation,100,https://lod.nal.usda.gov/nalt/31883,,decapitation,,,,,,
2,equipment,100,https://lod.nal.usda.gov/nalt/365,,equipment,,,,,,
3,laboratory equipment,100,https://lod.nal.usda.gov/nalt/381,,,laboratory equipment,,,,,
3,medical and veterinary equipment,100,https://lod.nal.usda.gov/nalt/384,,,medical and veterinary equipment,,,,,
4,bandages,100,https://lod.nal.usda.gov/nalt/15724,,,,bandages,,,,
4,cannulas,100,https://lod.nal.usda.gov/nalt/21916,,,,cannulas,,,,
4,casts (medical),100,https://lod.nal.usda.gov/nalt/18518,,,,casts (medical),,,,
4,catheters,100,https://lod.nal.usda.gov/nalt/23043,,,,catheters,,,,
5,central venous catheters,100,https://lod.nal.usda.gov/nalt/332048,,,,,central venous catheters,,,
4,contraceptives,100,https://lod.nal.usda.gov/nalt/28771,,,,contraceptives,,,,
4,dental equipment,100,https://lod.nal.usda.gov/nalt/32372,,,,dental equipment,,,,
4,diagnostic equipment,100,https://lod.nal.usda.gov/nalt/185708,,,,diagnostic equipment,,,,
5,endoscopes,100,https://lod.nal.usda.gov/nalt/185709,,,,,endoscopes,,,
4,medical equipment,100,https://lod.nal.usda.gov/nalt/32927,,,,medical equipment,,,,
4,prostheses,100,https://lod.nal.usda.gov/nalt/12575,,,,prostheses,,,,
4,splints (medical),100,https://lod.nal.usda.gov/nalt/135881,,,,splints (medical),,,,
4,surgical equipment,100,https://lod.nal.usda.gov/nalt/37753,,,,surgical equipment,,,,
5,scalpels,100,https://lod.nal.usda.gov/nalt/62501,,,,,scalpels,,,
5,sutures,100,https://lod.nal.usda.gov/nalt/65254,,,,,sutures,,,
4,syringes,100,https://lod.nal.usda.gov/nalt/51840,,,,syringes,,,,
4,tourniquets,100,https://lod.nal.usda.gov/nalt/51841,,,,tourniquets,,,,
4,veterinary equipment,100,https://lod.nal.usda.gov/nalt/9073,,,,veterinary equipment,,,,
2,body fluids,100,https://lod.nal.usda.gov/nalt/49,,body fluids,,,,,,
3,digesta,100,https://lod.nal.usda.gov/nalt/18340,,,digesta,,,,,
3,cerebrospinal fluid,100,https://lod.nal.usda.gov/nalt/18339,,,cerebrospinal fluid,,,,,
3,intracellular fluids,100,https://lod.nal.usda.gov/nalt/238185,,,intracellular fluids,,,,,
3,blood,100,https://lod.nal.usda.gov/nalt/18059,,,blood,,,,,
4,blood cells,100,https://lod.nal.usda.gov/nalt/18061,,,,blood cells,,,,
4,blood plasma,100,https://lod.nal.usda.gov/nalt/18062,,,,blood plasma,,,,
3,lymph,100,https://lod.nal.usda.gov/nalt/18343,,,lymph,,,,,
3,amniotic fluid,100,https://lod.nal.usda.gov/nalt/8003,,,amniotic fluid,,,,,
3,follicular fluid,100,https://lod.nal.usda.gov/nalt/18342,,,follicular fluid,,,,,
3,synovial fluid,100,https://lod.nal.usda.gov/nalt/18345,,,synovial fluid,,,,,
3,oviductal fluids,100,https://lod.nal.usda.gov/nalt/18344,,,oviductal fluids,,,,,
3,body water,100,https://lod.nal.usda.gov/nalt/18332,,,body water,,,,,
3,extracellular fluids,100,https://lod.nal.usda.gov/nalt/18341,,,extracellular fluids,,,,,
2,bodily secretions and exudates,100,https://lod.nal.usda.gov/nalt/48,,bodily secretions and exudates,,,,,,
3,bile,100,https://lod.nal.usda.gov/nalt/17153,,,bile,,,,,
3,colostrum,100,https://lod.nal.usda.gov/nalt/18315,,,colostrum,,,,,
3,defensive secretions,100,https://lod.nal.usda.gov/nalt/18316,,,defensive secretions,,,,,
3,excreta,100,https://lod.nal.usda.gov/nalt/50,,,excreta,,,,,
4,feces,100,https://lod.nal.usda.gov/nalt/34880,,,,feces,,,,
4,urine,100,https://lod.nal.usda.gov/nalt/38868,,,,urine,,,,
3,gastric juice,100,https://lod.nal.usda.gov/nalt/18317,,,gastric juice,,,,,
3,intestinal secretions,100,https://lod.nal.usda.gov/nalt/211311,,,intestinal secretions,,,,,
3,maternal milk,100,https://lod.nal.usda.gov/nalt/9316,,,maternal milk,,,,,
3,mucus,100,https://lod.nal.usda.gov/nalt/18319,,,mucus,,,,,
3,pancreatic juice,100,https://lod.nal.usda.gov/nalt/18320,,,pancreatic juice,,,,,
3,saliva,100,https://lod.nal.usda.gov/nalt/18322,,,saliva,,,,,
3,sebum,100,https://lod.nal.usda.gov/nalt/18323,,,sebum,,,,,
3,semen,100,https://lod.nal.usda.gov/nalt/18324,,,semen,,,,,
3,sweat,100,https://lod.nal.usda.gov/nalt/18325,,,sweat,,,,,
3,tears,100,https://lod.nal.usda.gov/nalt/18326,,,tears,,,,,
3,venoms,100,https://lod.nal.usda.gov/nalt/10560,,,venoms,,,,,
1,animal research,100,https://lod.nal.usda.gov/nalt/199785,animal research,,,,,,,
3,computer simulation,100,https://lod.nal.usda.gov/nalt/203662,,,computer simulation,,,,,
3,artificial skin,100,https://lod.nal.usda.gov/nalt/312748,,,artificial skin,,,,,
3,mathematical models,100,https://lod.nal.usda.gov/nalt/50226,,,mathematical models,,,,,
4,nonlinear models,100,https://lod.nal.usda.gov/nalt/51656,,,,nonlinear models,,,,
3,nonanimal tests,100,https://lod.nal.usda.gov/nalt/9559,,,nonanimal tests,,,,,
4,cell lines,100,https://lod.nal.usda.gov/nalt/23379,,,,cell lines,,,,
5,bone marrow cells,100,https://lod.nal.usda.gov/nalt/18522,,,,,bone marrow cells,,,
5,keratinocytes,100,https://lod.nal.usda.gov/nalt/23470,,,,,keratinocytes,,,
5,kidney cells,100,https://lod.nal.usda.gov/nalt/23471,,,,,kidney cells,,,
5,hepatocytes,100,https://lod.nal.usda.gov/nalt/23469,,,,,hepatocytes,,,
5,stem cells,100,https://lod.nal.usda.gov/nalt/23484,,,,,stem cells,,,
5,embryonic stem cells,100,https://lod.nal.usda.gov/nalt/36807,,,,,embryonic stem cells,,,
4,assays,100,https://lod.nal.usda.gov/nalt/13160,,,,assays,,,,
5,immunoassays,100,https://lod.nal.usda.gov/nalt/13162,,,,,immunoassays,,,
6,enzyme immunoassays,100,https://lod.nal.usda.gov/nalt/37485,,,,,,enzyme immunoassays,,
7,enzyme-linked immunosorbent assay,100,https://lod.nal.usda.gov/nalt/36291,,,,,,,enzyme-linked immunosorbent assay,
3,microfluidic technology,100,https://lod.nal.usda.gov/nalt/322814,,,microfluidic technology,,,,,
4,lab-on-a-chip technology,100,https://lod.nal.usda.gov/nalt/322816,,,,lab-on-a-chip technology,,,,
3,in vitro culture,100,https://lod.nal.usda.gov/nalt/14257,,,in vitro culture,,,,,
4,axenic culture,100,https://lod.nal.usda.gov/nalt/14256,,,,axenic culture,,,,
4,explants,100,https://lod.nal.usda.gov/nalt/30702,,,,explants,,,,
4,solid state culture,100,https://lod.nal.usda.gov/nalt/253555,,,,solid state culture,,,,
4,organ-on-a-chip,100,https://lod.nal.usda.gov/nalt/312711,,,,organ-on-a-chip,,,,
4,mixed culture,100,https://lod.nal.usda.gov/nalt/47055,,,,mixed culture,,,,
4,cell culture,100,https://lod.nal.usda.gov/nalt/23373,,,,cell culture,,,,
5,cell suspension culture,100,https://lod.nal.usda.gov/nalt/23377,,,,,cell suspension culture,,,
5,cloning (cells),100,https://lod.nal.usda.gov/nalt/23367,,,,,cloning (cells),,,
5,coculture,100,https://lod.nal.usda.gov/nalt/68522,,,,,coculture,,,
5,protoplast fusion,100,https://lod.nal.usda.gov/nalt/23378,,,,,protoplast fusion,,,
4,monoxenic culture,100,https://lod.nal.usda.gov/nalt/47056,,,,monoxenic culture,,,,
4,embryo culture,100,https://lod.nal.usda.gov/nalt/36815,,,,embryo culture,,,,
4,culture filtrates,100,https://lod.nal.usda.gov/nalt/30700,,,,culture filtrates,,,,
4,tissue culture,100,https://lod.nal.usda.gov/nalt/9560,,,,tissue culture,,,,
5,anther culture,100,https://lod.nal.usda.gov/nalt/9953,,,,,anther culture,,,
5,ovule culture,100,https://lod.nal.usda.gov/nalt/56420,,,,,ovule culture,,,
5,organ culture,100,https://lod.nal.usda.gov/nalt/56061,,,,,organ culture,,,
6,organoids,100,https://lod.nal.usda.gov/nalt/336476,,,,,,organoids,,
4,enrichment culture,100,https://lod.nal.usda.gov/nalt/30705,,,,enrichment culture,,,,
4,callus culture,100,https://lod.nal.usda.gov/nalt/21345,,,,callus culture,,,,
2,antibodies,100,https://lod.nal.usda.gov/nalt/10218,,antibodies,,,,,,
4,hybridomas,100,https://lod.nal.usda.gov/nalt/23404,,,,hybridomas,,,,
4,ascites,100,https://lod.nal.usda.gov/nalt/733,,,,ascites,,,,
3,antibody formation,100,https://lod.nal.usda.gov/nalt/10230,,,antibody formation,,,,,
2,toxicology,100,https://lod.nal.usda.gov/nalt/35791,,toxicology,,,,,,
3,risk analysis,100,https://lod.nal.usda.gov/nalt/136472,,,risk analysis,,,,,
3,risk assessment,100,https://lod.nal.usda.gov/nalt/37432,,,risk assessment,,,,,
3,aquatic organisms,100,https://lod.nal.usda.gov/nalt/11423,,,aquatic organisms,,,,,
4,algae,100,https://lod.nal.usda.gov/nalt/35,,,,algae,,,,
3,pharmacodynamics,100,https://lod.nal.usda.gov/nalt/88549,,,pharmacodynamics,,,,,
3,pharmacokinetics,100,https://lod.nal.usda.gov/nalt/34640,,,pharmacokinetics,,,,,
4,quantitative structure-activity relationships,100,https://lod.nal.usda.gov/nalt/60701,,,,quantitative structure-activity relationships,,,,
3,ecotoxicology,100,https://lod.nal.usda.gov/nalt/35713,,,ecotoxicology,,,,,
4,indicator species,100,https://lod.nal.usda.gov/nalt/17401,,,,indicator species,,,,
3,toxic substances,100,https://lod.nal.usda.gov/nalt/1780,,,toxic substances,,,,,
4,pesticides,100,https://lod.nal.usda.gov/nalt/287,,,,pesticides,,,,
4,toxins,100,https://lod.nal.usda.gov/nalt/10551,,,,toxins,,,,
5,microbial toxins,100,https://lod.nal.usda.gov/nalt/323561,,,,,microbial toxins,,,
6,endotoxins,100,https://lod.nal.usda.gov/nalt/32188,,,,,,endotoxins,,
7,delta-endotoxins,100,https://lod.nal.usda.gov/nalt/32187,,,,,,,delta-endotoxins,
3,toxicity,100,https://lod.nal.usda.gov/nalt/3967,,,toxicity,,,,,
4,acute toxicity,100,https://lod.nal.usda.gov/nalt/3966,,,,acute toxicity,,,,
5,acute dermal toxicity,100,https://lod.nal.usda.gov/nalt/68509,,,,,acute dermal toxicity,,,
5,acute inhalation toxicity,100,https://lod.nal.usda.gov/nalt/68510,,,,,acute inhalation toxicity,,,
5,acute oral toxicity,100,https://lod.nal.usda.gov/nalt/68511,,,,,acute oral toxicity,,,
5,eye irritation,100,https://lod.nal.usda.gov/nalt/3968,,,,,eye irritation,,,
5,skin irritation,100,https://lod.nal.usda.gov/nalt/3969,,,,,skin irritation,,,
4,carcinogenicity,100,https://lod.nal.usda.gov/nalt/22361,,,,carcinogenicity,,,,
4,chronic toxicity,100,https://lod.nal.usda.gov/nalt/25889,,,,chronic toxicity,,,,
4,cytotoxicity,100,https://lod.nal.usda.gov/nalt/31518,,,,cytotoxicity,,,,
4,developmental toxicity,100,https://lod.nal.usda.gov/nalt/17446,,,,developmental toxicity,,,,
5,embryotoxicity,100,https://lod.nal.usda.gov/nalt/32918,,,,,embryotoxicity,,,
5,teratogenicity,100,https://lod.nal.usda.gov/nalt/32920,,,,,teratogenicity,,,
4,drug toxicity,100,https://lod.nal.usda.gov/nalt/34664,,,,drug toxicity,,,,
4,embryotoxicity,100,https://lod.nal.usda.gov/nalt/32918,,,,embryotoxicity,,,,
4,genotoxicity,100,https://lod.nal.usda.gov/nalt/34182,,,,genotoxicity,,,,
4,hepatotoxicity,100,https://lod.nal.usda.gov/nalt/45149,,,,hepatotoxicity,,,,
4,irritant properties,100,https://lod.nal.usda.gov/nalt/47786,,,,irritant properties,,,,
4,lethal dose,100,https://lod.nal.usda.gov/nalt/34021,,,,lethal dose,,,,
5,lethal dose 50,100,https://lod.nal.usda.gov/nalt/49401,,,,,lethal dose 50,,,
4,mutagenicity,100,https://lod.nal.usda.gov/nalt/53830,,,,mutagenicity,,,,
4,nephrotoxicity,100,https://lod.nal.usda.gov/nalt/48383,,,,nephrotoxicity,,,,
4,neurotoxicity,100,https://lod.nal.usda.gov/nalt/54749,,,,neurotoxicity,,,,
4,no observed adverse effect level,100,https://lod.nal.usda.gov/nalt/54939,,,,no observed adverse effect level,,,,
4,phototoxicity,100,https://lod.nal.usda.gov/nalt/50029,,,,phototoxicity,,,,
4,subacute toxicity,100,https://lod.nal.usda.gov/nalt/65102,,,,subacute toxicity,,,,
4,subchronic toxicity,100,https://lod.nal.usda.gov/nalt/65105,,,,subchronic toxicity,,,,
4,sublethal effects,100,https://lod.nal.usda.gov/nalt/65110,,,,sublethal effects,,,,
4,teratogenicity,100,https://lod.nal.usda.gov/nalt/32920,,,,teratogenicity,,,,
3,toxicity testing,100,https://lod.nal.usda.gov/nalt/65620,,,toxicity testing,,,,,
4,acute toxic class method,100,https://lod.nal.usda.gov/nalt/68515,,,,acute toxic class method,,,,
4,genotoxicity tests,100,https://lod.nal.usda.gov/nalt/291471,,,,genotoxicity tests,,,,
5,ames test,100,,,,,,ames test,,,
5,comet assay,100,https://lod.nal.usda.gov/nalt/291475,,,,,comet assay,,,
5,micronucleus tests,100,https://lod.nal.usda.gov/nalt/309754,,,,,micronucleus tests,,,
4,inhibitory concentration 50,100,https://lod.nal.usda.gov/nalt/68543,,,,inhibitory concentration 50,,,,
4,lethal concentration 50,100,https://lod.nal.usda.gov/nalt/68545,,,,lethal concentration 50,,,,
4,maximum tolerated concentration,100,https://lod.nal.usda.gov/nalt/313598,,,,maximum tolerated concentration,,,,
4,maximum tolerated dose,100,https://lod.nal.usda.gov/nalt/313439,,,,maximum tolerated dose,,,,
4,no observed adverse effect level,100,https://lod.nal.usda.gov/nalt/54939,,,,no observed adverse effect level,,,,
3,risk analysis,100,https://lod.nal.usda.gov/nalt/136472,,,risk analysis,,,,,
4,risk assessment,100,https://lod.nal.usda.gov/nalt/37432,,,,risk assessment,,,,
3,products and commodities,100,https://lod.nal.usda.gov/nalt/4403,,,products and commodities,,,,,
4,household products,100,https://lod.nal.usda.gov/nalt/68541,,,,household products,,,,
4,nonfood products,100,https://lod.nal.usda.gov/nalt/5448,,,,nonfood products,,,,
5,cosmetics,100,https://lod.nal.usda.gov/nalt/16241,,,,,cosmetics,,,
5,personal care products,100,https://lod.nal.usda.gov/nalt/68555,,,,,personal care products,,,
4,product quality,100,https://lod.nal.usda.gov/nalt/4405,,,,product quality,,,,
5,product testing,100,https://lod.nal.usda.gov/nalt/28682,,,,,product testing,,,
6,cosmetics testing,100,https://lod.nal.usda.gov/nalt/68525,,,,,,cosmetics testing,,
6,safety testing,100,https://lod.nal.usda.gov/nalt/28683,,,,,,safety testing,,
3,bioassays,100,https://lod.nal.usda.gov/nalt/13161,,,bioassays,,,,,
4,Ames test,100,https://lod.nal.usda.gov/nalt/68516,,,,Ames test,,,,
4,luminescent assay,100,https://lod.nal.usda.gov/nalt/336017,,,,luminescent assay,,,,
5,bioluminescence assay,100,https://lod.nal.usda.gov/nalt/309744,,,,,bioluminescence assay,,,
4,cell transformation assay,100,https://lod.nal.usda.gov/nalt/68521,,,,cell transformation assay,,,,
4,frog embryo teratogenesis assay-Xenopus,100,https://lod.nal.usda.gov/nalt/68539,,,,frog embryo teratogenesis assay-Xenopus,,,,
4,limulus amebocyte lysate assay,100,,,,,limulus amebocyte lysate assay,,,,
4,viability assays,100,https://lod.nal.usda.gov/nalt/309738,,,,viability assays,,,,
3,biological models,100,https://lod.nal.usda.gov/nalt/261145,,,biological models,,,,,
4,adverse outcome pathways,100,https://lod.nal.usda.gov/nalt/313203,,,,adverse outcome pathways,,,,
3,mathematical models,100,https://lod.nal.usda.gov/nalt/50226,,,mathematical models,,,,,
2,experimental design,100,https://lod.nal.usda.gov/nalt/9555,,experimental design,,,,,,
3,sample size,100,https://lod.nal.usda.gov/nalt/336235,,,sample size,,,,,
3,mathematics and statistics,100,https://lod.nal.usda.gov/nalt/6369,,,mathematics and statistics,,,,,
4,analytical methods,100,https://lod.nal.usda.gov/nalt/8468,,,,analytical methods,,,,
4,prediction,100,https://lod.nal.usda.gov/nalt/35747,,,,prediction,,,,
5,Bayesian theory,100,https://lod.nal.usda.gov/nalt/16108,,,,,Bayesian theory,,,
5,biostatistics,100,https://lod.nal.usda.gov/nalt/307601,,,,,biostatistics,,,
6,sensometrics,100,https://lod.nal.usda.gov/nalt/308348,,,,,,sensometrics,,
5,descriptive statistics,100,https://lod.nal.usda.gov/nalt/302051,,,,,descriptive statistics,,,
5,estimation,100,https://lod.nal.usda.gov/nalt/28752,,,,,estimation,,,
5,frequency distribution,100,https://lod.nal.usda.gov/nalt/301411,,,,,frequency distribution,,,
5,normal values,100,https://lod.nal.usda.gov/nalt/15979,,,,,normal values,,,
5,probability,100,https://lod.nal.usda.gov/nalt/137027,,,,,probability,,,
5,statistical analysis,100,https://lod.nal.usda.gov/nalt/8465,,,,,statistical analysis,,,
5,stochastic processes,100,https://lod.nal.usda.gov/nalt/48588,,,,,stochastic processes,,,
5,variance,100,https://lod.nal.usda.gov/nalt/64124,,,,,variance,,,
5,noninfectious diseases,100,https://lod.nal.usda.gov/nalt/330,,,,,noninfectious diseases,,,
6,metabolic diseases,100,https://lod.nal.usda.gov/nalt/2862,,,,,,metabolic diseases,,
7,dehydration (animal physiology),100,https://lod.nal.usda.gov/nalt/32026,,,,,,,dehydration (animal physiology),
4,animal comfort,100,https://lod.nal.usda.gov/nalt/9082,,,,animal comfort,,,,
5,artificial habitats,100,https://lod.nal.usda.gov/nalt/342117,,,,,artificial habitats,,,
6,ambient temperature,100,https://lod.nal.usda.gov/nalt/7424,,,,,,ambient temperature,,
4,animal control services,100,https://lod.nal.usda.gov/nalt/127349,,,,animal control services,,,,
4,animal well-being,100,https://lod.nal.usda.gov/nalt/9237,,,,animal well-being,,,,
4,animal anatomy,100,https://lod.nal.usda.gov/nalt/47,,,,animal anatomy,,,,
4,animal physiology,100,https://lod.nal.usda.gov/nalt/9107,,,,animal physiology,,,,
5,animal reproduction,100,https://lod.nal.usda.gov/nalt/3138,,,,,animal reproduction,,,
6,litters (young animals),100,https://lod.nal.usda.gov/nalt/9495,,,,,,litters (young animals),,
2,biological properties and phenomena,100,https://lod.nal.usda.gov/nalt/107,,biological properties and phenomena,,,,,,
3,body temperature,100,https://lod.nal.usda.gov/nalt/118,,,body temperature,,,,,
4,body temperature changes,100,https://lod.nal.usda.gov/nalt/155,,,,body temperature changes,,,,
5,fever,100,https://lod.nal.usda.gov/nalt/157,,,,,fever,,,
5,hypothermia,100,https://lod.nal.usda.gov/nalt/158,,,,,hypothermia,,,
2,breeding and genetic improvement,100,,,breeding and genetic improvement,,,,,,
2,chemical substances,100,https://lod.nal.usda.gov/nalt/183,,chemical substances,,,,,,
3,biochemical compounds,100,https://lod.nal.usda.gov/nalt/7812,,,biochemical compounds,,,,,
4,biomarkers,100,https://lod.nal.usda.gov/nalt/17262,,,,biomarkers,,,,
4,enzymes,100,https://lod.nal.usda.gov/nalt/6744,,,,enzymes,,,,
2,genetic lines,100,https://lod.nal.usda.gov/nalt/19698,,genetic lines,,,,,,
3,cell lines,100,https://lod.nal.usda.gov/nalt/23379,,,cell lines,,,,,
4,animal cell lines,100,https://lod.nal.usda.gov/nalt/308521,,,,animal cell lines,,,,
5,human cell lines,100,https://lod.nal.usda.gov/nalt/68542,,,,,human cell lines,,,
3,line differences,100,https://lod.nal.usda.gov/nalt/50224,,,line differences,,,,,
2,strains,100,https://lod.nal.usda.gov/nalt/39571,,strains,,,,,,
3,strain differences,100,https://lod.nal.usda.gov/nalt/64245,,,strain differences,,,,,
2,humane endpoints,100,https://lod.nal.usda.gov/nalt/9557,,humane endpoints,,,,,,
3,euthanasia,100,https://lod.nal.usda.gov/nalt/9565,,,euthanasia,,,,,
2,animal experimentation,100,https://lod.nal.usda.gov/nalt/9019,,animal experimentation,,,,,,
3,vivisection,100,https://lod.nal.usda.gov/nalt/235151,,,vivisection,,,,,
2,animal models,100,https://lod.nal.usda.gov/nalt/9120,,animal models,,,,,,
3,animal disease models,100,https://lod.nal.usda.gov/nalt/9117,,,animal disease models,,,,,
2,laboratory experimentation,100,https://lod.nal.usda.gov/nalt/210165,,laboratory experimentation,,,,,,
2,protocols,100,https://lod.nal.usda.gov/nalt/315825,,protocols,,,,,,
2,validation of alternative methods,100,https://lod.nal.usda.gov/nalt/313305,,validation of alternative methods,,,,,,
2,translational medical research,100,https://lod.nal.usda.gov/nalt/310018,,translational medical research,,,,,,
2,telemetry,100,https://lod.nal.usda.gov/nalt/61067,,telemetry,,,,,,
3,biotelemetry,100,https://lod.nal.usda.gov/nalt/192887,,,biotelemetry,,,,,
2,ethics,100,https://lod.nal.usda.gov/nalt/17341,,ethics,,,,,,
3,bioethics,100,https://lod.nal.usda.gov/nalt/9553,,,bioethics,,,,,
3,whistleblowing,100,https://lod.nal.usda.gov/nalt/68554,,,whistleblowing,,,,,
1,animal welfare,100,https://lod.nal.usda.gov/nalt/9084,animal welfare,,,,,,,
3,analgesic effect,100,https://lod.nal.usda.gov/nalt/8443,,,analgesic effect,,,,,
3,sedation,100,https://lod.nal.usda.gov/nalt/62736,,,sedation,,,,,
3,welfare assessment,100,https://lod.nal.usda.gov/nalt/313307,,,welfare assessment,,,,,
3,grimace scale,100,https://lod.nal.usda.gov/nalt/313200,,,grimace scale,,,,,
3,animal stress,100,https://lod.nal.usda.gov/nalt/732,,,animal stress,,,,,
3,distress,100,https://lod.nal.usda.gov/nalt/9516,,,distress,,,,,
3,anesthesia,100,https://lod.nal.usda.gov/nalt/8444,,,anesthesia,,,,,
4,anesthesia reversal,100,https://lod.nal.usda.gov/nalt/8798,,,,anesthesia reversal,,,,
4,depth of anesthesia,100,https://lod.nal.usda.gov/nalt/8799,,,,depth of anesthesia,,,,
4,electronarcosis,100,https://lod.nal.usda.gov/nalt/302202,,,,electronarcosis,,,,
4,preanesthetic medication,100,https://lod.nal.usda.gov/nalt/8800,,,,preanesthetic medication,,,,
3,analgesia,100,https://lod.nal.usda.gov/nalt/8442,,,analgesia,,,,,
3,signs and symptoms (animals and humans),100,https://lod.nal.usda.gov/nalt/156,,,signs and symptoms (animals and humans),,,,,
4,apnea,100,https://lod.nal.usda.gov/nalt/914,,,,apnea,,,,
4,asphyxia,100,https://lod.nal.usda.gov/nalt/915,,,,asphyxia,,,,
4,bloat,100,https://lod.nal.usda.gov/nalt/916,,,,bloat,,,,
4,cankers (animals),100,https://lod.nal.usda.gov/nalt/917,,,,cankers (animals),,,,
4,cough,100,https://lod.nal.usda.gov/nalt/918,,,,cough,,,,
4,dysoxia,100,https://lod.nal.usda.gov/nalt/277632,,,,dysoxia,,,,
4,dyspnea,100,https://lod.nal.usda.gov/nalt/919,,,,dyspnea,,,,
4,edema,100,https://lod.nal.usda.gov/nalt/920,,,,edema,,,,
4,flatulence,100,https://lod.nal.usda.gov/nalt/921,,,,flatulence,,,,
4,halitosis,100,https://lod.nal.usda.gov/nalt/205686,,,,halitosis,,,,
4,hypercapnia,100,https://lod.nal.usda.gov/nalt/922,,,,hypercapnia,,,,
4,hyperoxia,100,https://lod.nal.usda.gov/nalt/923,,,,hyperoxia,,,,
4,hypoxia,100,https://lod.nal.usda.gov/nalt/924,,,,hypoxia,,,,
4,indigestion,100,https://lod.nal.usda.gov/nalt/925,,,,indigestion,,,,
4,jaundice,100,https://lod.nal.usda.gov/nalt/926,,,,jaundice,,,,
4,lameness,100,https://lod.nal.usda.gov/nalt/927,,,,lameness,,,,
4,leg weakness,100,https://lod.nal.usda.gov/nalt/928,,,,leg weakness,,,,
4,lesions (animal),100,https://lod.nal.usda.gov/nalt/929,,,,lesions (animal),,,,
4,nausea,100,https://lod.nal.usda.gov/nalt/930,,,,nausea,,,,
4,pain,100,https://lod.nal.usda.gov/nalt/931,,,,pain,,,,
4,paralysis,100,https://lod.nal.usda.gov/nalt/932,,,,paralysis,,,,
4,paresis,100,https://lod.nal.usda.gov/nalt/933,,,,paresis,,,,
4,seizures,100,https://lod.nal.usda.gov/nalt/935,,,,seizures,,,,
4,steatorrhea,100,https://lod.nal.usda.gov/nalt/936,,,,steatorrhea,,,,
4,swelling (physiological),100,https://lod.nal.usda.gov/nalt/937,,,,swelling (physiological),,,,
4,unconsciousness,100,https://lod.nal.usda.gov/nalt/938,,,,unconsciousness,,,,
4,vomiting,100,https://lod.nal.usda.gov/nalt/939,,,,vomiting,,,,
3,analgesics,100,https://lod.nal.usda.gov/nalt/2318,,,analgesics,,,,,
4,acetaminophen,100,https://lod.nal.usda.gov/nalt/2311,,,,acetaminophen,,,,
4,aspirin,100,https://lod.nal.usda.gov/nalt/2534,,,,aspirin,,,,
4,buprenorphine,100,https://lod.nal.usda.gov/nalt/8452,,,,buprenorphine,,,,
4,butorphanol,100,https://lod.nal.usda.gov/nalt/149099,,,,butorphanol,,,,
4,dexmedetomidine,100,https://lod.nal.usda.gov/nalt/188008,,,,dexmedetomidine,,,,
4,etorphine,100,https://lod.nal.usda.gov/nalt/8453,,,,etorphine,,,,
4,flunixin,100,https://lod.nal.usda.gov/nalt/8454,,,,flunixin,,,,
4,medetomidine,100,https://lod.nal.usda.gov/nalt/8455,,,,medetomidine,,,,
4,meloxicam,100,https://lod.nal.usda.gov/nalt/10157,,,,meloxicam,,,,
4,methadone,100,https://lod.nal.usda.gov/nalt/8456,,,,methadone,,,,
4,morphine,100,https://lod.nal.usda.gov/nalt/8457,,,,morphine,,,,
4,romifidine,100,https://lod.nal.usda.gov/nalt/317986,,,,romifidine,,,,
4,xylazine,100,https://lod.nal.usda.gov/nalt/8459,,,,xylazine,,,,
3,anesthetics,100,https://lod.nal.usda.gov/nalt/8422,,,anesthetics,,,,,
4,alfaxalone,100,https://lod.nal.usda.gov/nalt/323328,,,,alfaxalone,,,,
4,diazepam,100,https://lod.nal.usda.gov/nalt/8804,,,,diazepam,,,,
4,droperidol,100,https://lod.nal.usda.gov/nalt/8805,,,,droperidol,,,,
4,fentanyl,100,https://lod.nal.usda.gov/nalt/8806,,,,fentanyl,,,,
4,general anesthetics,100,https://lod.nal.usda.gov/nalt/8807,,,,general anesthetics,,,,
4,inhalation anesthetics,100,https://lod.nal.usda.gov/nalt/317739,,,,inhalation anesthetics,,,,
5,chloroform,100,https://lod.nal.usda.gov/nalt/25338,,,,,chloroform,,,
5,desflurane,100,https://lod.nal.usda.gov/nalt/317741,,,,,desflurane,,,
5,ethyl ether,100,https://lod.nal.usda.gov/nalt/38244,,,,,ethyl ether,,,
5,halothane,100,https://lod.nal.usda.gov/nalt/8808,,,,,halothane,,,
5,isoflurane,100,https://lod.nal.usda.gov/nalt/8809,,,,,isoflurane,,,
5,methoxyflurane,100,https://lod.nal.usda.gov/nalt/38245,,,,,methoxyflurane,,,
5,sevoflurane,100,https://lod.nal.usda.gov/nalt/317737,,,,,sevoflurane,,,
5,trichloroethane,100,https://lod.nal.usda.gov/nalt/317742,,,,,trichloroethane,,,
4,ketamine,100,https://lod.nal.usda.gov/nalt/31057,,,,ketamine,,,,
4,local anesthetics,100,https://lod.nal.usda.gov/nalt/8810,,,,local anesthetics,,,,
5,lidocaine,100,https://lod.nal.usda.gov/nalt/8954,,,,,lidocaine,,,
4,tiletamine,100,https://lod.nal.usda.gov/nalt/8811,,,,tiletamine,,,,
4,urethane,100,https://lod.nal.usda.gov/nalt/8812,,,,urethane,,,,
3,anti-inflammatory agents,100,https://lod.nal.usda.gov/nalt/10149,,,anti-inflammatory agents,,,,,
4,acetaminophen,100,https://lod.nal.usda.gov/nalt/2311,,,,acetaminophen,,,,
4,aspirin,100,https://lod.nal.usda.gov/nalt/2534,,,,aspirin,,,,
4,betamethasone,100,https://lod.nal.usda.gov/nalt/10152,,,,betamethasone,,,,
4,dexamethasone,100,https://lod.nal.usda.gov/nalt/10153,,,,dexamethasone,,,,
4,flunixin,100,https://lod.nal.usda.gov/nalt/8454,,,,flunixin,,,,
4,meloxicam,100,https://lod.nal.usda.gov/nalt/10157,,,,meloxicam,,,,
4,methylprednisolone,100,https://lod.nal.usda.gov/nalt/289977,,,,methylprednisolone,,,,
4,nonsteroidal anti-inflammatory agents,100,https://lod.nal.usda.gov/nalt/10158,,,,nonsteroidal anti-inflammatory agents,,,,
5,ibuprofen,100,https://lod.nal.usda.gov/nalt/126092,,,,,ibuprofen,,,
5,ketoprofen,100,https://lod.nal.usda.gov/nalt/126093,,,,,ketoprofen,,,
5,phenylbutazone,100,https://lod.nal.usda.gov/nalt/57755,,,,,phenylbutazone,,,
4,prednisolone,100,https://lod.nal.usda.gov/nalt/59555,,,,prednisolone,,,,
4,prednisone,100,https://lod.nal.usda.gov/nalt/59556,,,,prednisone,,,,
4,triamcinolone,100,https://lod.nal.usda.gov/nalt/10159,,,,triamcinolone,,,,
3,cholinergic agents,100,https://lod.nal.usda.gov/nalt/25588,,,cholinergic agents,,,,,
3,narcotics,100,https://lod.nal.usda.gov/nalt/34676,,,narcotics,,,,,
3,psychotropic agents,100,https://lod.nal.usda.gov/nalt/234584,,,psychotropic agents,,,,,
4,tranquilizers,100,https://lod.nal.usda.gov/nalt/34680,,,,tranquilizers,,,,
3,sedatives,100,https://lod.nal.usda.gov/nalt/2187,,,sedatives,,,,,
4,acepromazine,100,https://lod.nal.usda.gov/nalt/2185,,,,acepromazine,,,,
4,azaperone,100,https://lod.nal.usda.gov/nalt/14300,,,,azaperone,,,,
4,diazepam,100,https://lod.nal.usda.gov/nalt/8804,,,,diazepam,,,,
4,detomidine,100,https://lod.nal.usda.gov/nalt/32801,,,,detomidine,,,,
4,dexmedetomidine,100,https://lod.nal.usda.gov/nalt/188008,,,,dexmedetomidine,,,,
4,etorphine,100,https://lod.nal.usda.gov/nalt/8453,,,,etorphine,,,,
4,pentobarbital,100,https://lod.nal.usda.gov/nalt/15823,,,,pentobarbital,,,,
4,xylazine,100,https://lod.nal.usda.gov/nalt/8459,,,,xylazine,,,,
2,thermal stress,100,https://lod.nal.usda.gov/nalt/198222,,thermal stress,,,,,,
3,cold stress,100,https://lod.nal.usda.gov/nalt/1730,,,cold stress,,,,,
3,heat stress,100,https://lod.nal.usda.gov/nalt/1731,,,heat stress,,,,,
2,water stress,100,https://lod.nal.usda.gov/nalt/1733,,water stress,,,,,,
2,water deprivation,100,https://lod.nal.usda.gov/nalt/33355,,water deprivation,,,,,,
2,morbidity,100,https://lod.nal.usda.gov/nalt/34035,,morbidity,,,,,,
3,mortality,100,https://lod.nal.usda.gov/nalt/31862,,,mortality,,,,,
2,animal use alternatives,100,https://lod.nal.usda.gov/nalt/7182,,animal use alternatives,,,,,,
3,animal use reduction,100,https://lod.nal.usda.gov/nalt/9551,,,animal use reduction,,,,,
3,animal use replacement,100,https://lod.nal.usda.gov/nalt/9552,,,animal use replacement,,,,,
3,animal use refinement,100,https://lod.nal.usda.gov/nalt/8445,,,animal use refinement,,,,,
3,laws and regulations,100,https://lod.nal.usda.gov/nalt/5387,,,laws and regulations,,,,,
4,code of practice,100,https://lod.nal.usda.gov/nalt/27600,,,,code of practice,,,,
4,standards and grades,100,https://lod.nal.usda.gov/nalt/49384,,,,standards and grades,,,,
3,government and administration,100,https://lod.nal.usda.gov/nalt/4261,,,government and administration,,,,,
4,issues and policy,100,https://lod.nal.usda.gov/nalt/5436,,,,issues and policy,,,,
3,animal law,100,https://lod.nal.usda.gov/nalt/9288,,,animal law,,,,,
4,veterinary law,100,https://lod.nal.usda.gov/nalt/9296,,,,veterinary law,,,,
3,animal breeders,100,https://lod.nal.usda.gov/nalt/68610,,,animal breeders,,,,,
3,health care workers,100,https://lod.nal.usda.gov/nalt/6592,,,health care workers,,,,,
4,physicians,100,https://lod.nal.usda.gov/nalt/34271,,,,physicians,,,,
5,surgeons,100,https://lod.nal.usda.gov/nalt/58065,,,,,surgeons,,,
4,veterinarians,100,https://lod.nal.usda.gov/nalt/44744,,,,veterinarians,,,,
3,librarians,100,https://lod.nal.usda.gov/nalt/335071,,,librarians,,,,,
3,scientists,100,https://lod.nal.usda.gov/nalt/17471,,,scientists,,,,,
3,researchers,100,https://lod.nal.usda.gov/nalt/55543,,,researchers,,,,,
4,principal investigators,100,https://lod.nal.usda.gov/nalt/68551,,,,principal investigators,,,,
3,students,100,https://lod.nal.usda.gov/nalt/784,,,students,,,,,
4,graduate students,100,https://lod.nal.usda.gov/nalt/310506,,,,graduate students,,,,
3,technicians,100,https://lod.nal.usda.gov/nalt/9520,,,technicians,,,,,
4,animal technicians,100,https://lod.nal.usda.gov/nalt/9076,,,,animal technicians,,,,
3,animal rescue shelters,100,https://lod.nal.usda.gov/nalt/9496,,,animal rescue shelters,,,,,
3,organizations,100,https://lod.nal.usda.gov/nalt/13189,,,organizations,,,,,
4,Animal Welfare Institute,100,https://lod.nal.usda.gov/nalt/329840,,,,Animal Welfare Institute,,,,
4,Association for Assessment and Accreditation of Laboratory Animal Care International,100,https://lod.nal.usda.gov/nalt/329563,,,,Association for Assessment and Accreditation of Laboratory Animal Care International,,,,
4,Interagency Coordinating Committee on the Validation of Alternative Methods,100,https://lod.nal.usda.gov/nalt/311683,,,,Interagency Coordinating Committee on the Validation of Alternative Methods,,,,
4,National Center for the Replacement Refinement and Reduction of Animals in Research,100,,,,,National Center for the Replacement Refinement and Reduction of Animals in Research,,,,
4,committees,100,https://lod.nal.usda.gov/nalt/68524,,,,committees,,,,
5,advisory committees,100,https://lod.nal.usda.gov/nalt/299427,,,,,advisory committees,,,
5,Institutional Animal Care and Use Committee,100,https://lod.nal.usda.gov/nalt/9060,,,,,Institutional Animal Care and Use Committee,,,
4,research institutions,100,https://lod.nal.usda.gov/nalt/47452,,,,research institutions,,,,
5,Center for Alternatives to Animal Testing,100,https://lod.nal.usda.gov/nalt/332042,,,,,Center for Alternatives to Animal Testing,,,
3,government agencies,100,https://lod.nal.usda.gov/nalt/28156,,,government agencies,,,,,
4,Department of Health and Human Services,100,https://lod.nal.usda.gov/nalt/23650,,,,Department of Health and Human Services,,,,
5,National Center for Health Statistics,100,https://lod.nal.usda.gov/nalt/232245,,,,,National Center for Health Statistics,,,
5,Food and Drug Administration,100,https://lod.nal.usda.gov/nalt/23640,,,,,Food and Drug Administration,,,
6,Center for Food Safety and Applied Nutrition,100,https://lod.nal.usda.gov/nalt/23638,,,,,,Center for Food Safety and Applied Nutrition,,
5,Centers for Disease Control and Prevention,100,https://lod.nal.usda.gov/nalt/23204,,,,,Centers for Disease Control and Prevention,,,
5,National Institutes of Health,100,https://lod.nal.usda.gov/nalt/204110,,,,,National Institutes of Health,,,
6,National Library of Medicine,100,https://lod.nal.usda.gov/nalt/204113,,,,,,National Library of Medicine,,
7,National Center for Biotechnology Information,100,https://lod.nal.usda.gov/nalt/205083,,,,,,,National Center for Biotechnology Information,
6,National Institute of Environmental Health Sciences,100,https://lod.nal.usda.gov/nalt/335939,,,,,,National Institute of Environmental Health Sciences,,
4,Interagency Coordinating Committee on the Validation of Alternative Methods,100,https://lod.nal.usda.gov/nalt/311683,,,,Interagency Coordinating Committee on the Validation of Alternative Methods,,,,
4,National Aeronautics and Space Administration,100,https://lod.nal.usda.gov/nalt/237643,,,,National Aeronautics and Space Administration,,,,
4,National Science Foundation,100,https://lod.nal.usda.gov/nalt/307906,,,,National Science Foundation,,,,
4,United States Agency for International Development,100,https://lod.nal.usda.gov/nalt/287329,,,,United States Agency for International Development,,,,
4,USDA,100,https://lod.nal.usda.gov/nalt/5464,,,,USDA,,,,
5,U.S. Fish and Wildlife Service,100,https://lod.nal.usda.gov/nalt/189930,,,,,U.S. Fish and Wildlife Service,,,
5,Animal and Plant Health Inspection Service,100,https://lod.nal.usda.gov/nalt/8978,,,,,Animal and Plant Health Inspection Service,,,
6,National Animal Health Monitoring System,100,https://lod.nal.usda.gov/nalt/210476,,,,,,National Animal Health Monitoring System,,
5,Agricultural Research Service,100,https://lod.nal.usda.gov/nalt/5460,,,,,Agricultural Research Service,,,
6,USDA National Agricultural Library,100,https://lod.nal.usda.gov/nalt/143005,,,,,,USDA National Agricultural Library,,
5,Food Safety and Inspection Service,100,https://lod.nal.usda.gov/nalt/41016,,,,,Food Safety and Inspection Service,,,
5,USDA Forest Service,100,https://lod.nal.usda.gov/nalt/41198,,,,,USDA Forest Service,,,
4,U.S. Department of the Interior,100,https://lod.nal.usda.gov/nalt/237645,,,,U.S. Department of the Interior,,,,
4,United States Environmental Protection Agency,100,https://lod.nal.usda.gov/nalt/37461,,,,United States Environmental Protection Agency,,,,
3,insulin tolerance tests,97.43589744,,,,insulin tolerance tests,,,,,
4,diseases and disorders (animal and human),94.33962264,,,,,diseases and disorders (animal and human),,,,
3,perioperative care,86.66666667,,,,perioperative care,,,,,
4,Animal Welfare Act,86.66666667,,,,,Animal Welfare Act,,,,
4,QIVIVE (quantitative in vitro to in vivo extrapolation),84.74576271,,,,,QIVIVE (quantitative in vitro to in vivo extrapolation),,,,
2,nesting behavior,83.87096774,,,nesting behavior,,,,,,
3,nanotoxicology,83.33333333,,,,nanotoxicology,,,,,
3,intraventricular injection,82.92682927,,,,intraventricular injection,,,,,
2,gumnivores,82.35294118,,,gumnivores,,,,,,
3,biocompatibility testing,80,,,,biocompatibility testing,,,,,
2,medical and veterinary education,79.16666667,,,medical and veterinary education,,,,,,
5,fungal viability assay,77.77777778,,,,,,fungal viability assay,,,
3,laboratory animal jackets,76.92307692,,,,laboratory animal jackets,,,,,
2,cerebrospinal fluid collection,76.59574468,,,cerebrospinal fluid collection,,,,,,
4,artificial neural networks,76.47058824,,,,,artificial neural networks,,,,
7,Cercocebus atys,76.19047619,,,,,,,,Cercocebus atys,
3,animal control officers,76.19047619,,,,animal control officers,,,,,
2,urine collection,75.86206897,,,urine collection,,,,,,
3,intrathecal injection,75.67567568,,,,intrathecal injection,,,,,
4,statistical methods,75,,,,,statistical methods,,,,
4,midazolam,75,,,,,midazolam,,,,
3,saphenous vein puncture,74.28571429,,,,saphenous vein puncture,,,,,
2,pain management,74.07407407,,,pain management,,,,,,
3,computational toxicology,73.91304348,,,,computational toxicology,,,,,
3,intracranial injection,73.68421053,,,,intracranial injection,,,,,
2,animal welfare laws and regulations,73.46938776,,,animal welfare laws and regulations,,,,,,
3,manikins,72.72727273,,,,manikins,,,,,
3,syringe feeding,72.72727273,,,,syringe feeding,,,,,
3,adoption programs,72.72727273,,,,adoption programs,,,,,
3,preclinical animal models,72.72727273,,,,preclinical animal models,,,,,
3,regulators (animal welfare),72.22222222,,,,regulators (animal welfare),,,,,
7,Callicebus cupreus,72,,,,,,,,Callicebus cupreus,
3,ARRIVE guidelines,72,,,,ARRIVE guidelines,,,,,
3,PREPARE guidelines,72,,,,PREPARE guidelines,,,,,
5,tolfenamic acid,72,,,,,,tolfenamic acid,,,
3,animal dealers,72,,,,animal dealers,,,,,
2,substance administration,71.79487179,,,substance administration,,,,,,
4,Fund for the Replacement of Animals in Medical Experiments,71.55963303,,,,,Fund for the Replacement of Animals in Medical Experiments,,,,
1,laboratory animal procedures,71.42857143,,laboratory animal procedures,,,,,,,
2,fecal collection,71.42857143,,,fecal collection,,,,,,
3,antibody production,71.42857143,,,,antibody production,,,,,
4,Transcutaneous Electrical Resistance Test (TER),71.42857143,,,,,Transcutaneous Electrical Resistance Test (TER),,,,
4,pruritis,71.42857143,,,,,pruritis,,,,
4,propofol,71.42857143,,,,,propofol,,,,
2,physical enrichment,70.96774194,,,physical enrichment,,,,,,
3,systems toxicology,70.96774194,,,,systems toxicology,,,,,
4,KeratinoSens,70.58823529,,,,,KeratinoSens,,,,
3,gum feeding,70,,,,gum feeding,,,,,
3,laboratory animal undershirts,69.76744186,,,,laboratory animal undershirts,,,,,
2,cup handling,69.56521739,,,cup handling,,,,,,
4,hydration gels,69.56521739,,,,,hydration gels,,,,
5,nutritional gels,69.56521739,,,,,,nutritional gels,,,
2,music enrichment,69.23076923,,,music enrichment,,,,,,
4,single-sex housing,69.23076923,,,,,single-sex housing,,,,
3,simulation training,68.57142857,,,,simulation training,,,,,
4,intravenous fluid therapy,68.57142857,,,,,intravenous fluid therapy,,,,
2,occupational enrichment,68.29268293,,,occupational enrichment,,,,,,
2,sensory enrichment,66.66666667,,,sensory enrichment,,,,,,
3,gumivory,66.66666667,,,,gumivory,,,,,
3,plastination,66.66666667,,,,plastination,,,,,
2,rat tickling,66.66666667,,,rat tickling,,,,,,
2,tunnel handling,66.66666667,,,tunnel handling,,,,,,
4,enriched cages,66.66666667,,,,,enriched cages,,,,
4,standard cages,66.66666667,,,,,standard cages,,,,
5,metabolic cages,66.66666667,,,,,,metabolic cages,,,
5,yeast mutagenicity assay,66.66666667,,,,,,yeast mutagenicity assay,,,
4,Hen Egg Test–Chorionallantoic Membrane (HET-CAM),66.66666667,,,,,Hen Egg Test–Chorionallantoic Membrane (HET-CAM),,,,
3,translational value,66.66666667,,,,translational value,,,,,
4,amantadine,66.66666667,,,,,amantadine,,,,
4,hydromorphone,66.66666667,,,,,hydromorphone,,,,
4,maropitant,66.66666667,,,,,maropitant,,,,
5,meclofenamic acid,66.66666667,,,,,,meclofenamic acid,,,
4,zolazepam,66.66666667,,,,,zolazepam,,,,
3,   relative replacement,66.66666667,,,,   relative replacement,,,,,
2,animal welfare professionals,66.66666667,,,animal welfare professionals,,,,,,
2,animal welfare stakeholders,66.66666667,,,animal welfare stakeholders,,,,,,
2,euthanasia injection,64.28571429,,,euthanasia injection,,,,,,
3,pilot studies,64,,,,pilot studies,,,,,
3,reversal agents,64,,,,reversal agents,,,,,
4,nonhuman primates,63.63636364,,,,,nonhuman primates,,,,
3,forage boxes,63.63636364,,,,forage boxes,,,,,
5,metamizole,63.63636364,,,,,,metamizole,,,
3,food puzzles,63.15789474,,,,food puzzles,,,,,
3,   absolute replacement,63.15789474,,,,   absolute replacement,,,,,
3,femoral vein puncture,62.85714286,,,,femoral vein puncture,,,,,
3,biomedical imaging,62.85714286,,,,biomedical imaging,,,,,
4,Horse Protection Act,62.85714286,,,,,Horse Protection Act,,,,
3,herbaceous browse,62.5,,,,herbaceous browse,,,,,
4,human cell line activation test (h-CLAT),62.5,,,,,human cell line activation test (h-CLAT),,,,
5,carprofen,62.5,,,,,,carprofen,,,
5,Naproxen,62.5,,,,,,Naproxen,,,
6,Office of Laboratory Animal Welfare,62.5,,,,,,,Office of Laboratory Animal Welfare,,
4,up-and-down procedure (UDP),61.9047619,,,,,up-and-down procedure (UDP),,,,
3,primate chairs,61.53846154,,,,primate chairs,,,,,
5,grapiprant,61.53846154,,,,,,grapiprant,,,
5,Tepoxalin,61.53846154,,,,,,Tepoxalin,,,
2,replacement methods,61.11111111,,,replacement methods,,,,,,
4,toxin-binding inhibition test (ToBI),60,,,,,toxin-binding inhibition test (ToBI),,,,
4,Institute for Laboratory Animal Research,59.79381443,,,,,Institute for Laboratory Animal Research,,,,
3,live tissue training,59.25925926,,,,live tissue training,,,,,
3,positive reinforcement training,59.09090909,,,,positive reinforcement training,,,,,
4,North American 3Rs Collaborative,59.09090909,,,,,North American 3Rs Collaborative,,,,
2,manipulanda,58.82352941,,,manipulanda,,,,,,
3,toe clipping,58.82352941,,,,toe clipping,,,,,
5,etodolac,58.82352941,,,,,,etodolac,,,
5,vedaprofen,58.82352941,,,,,,vedaprofen,,,
3,inspectors (laboratory animal facilities),58.82352941,,,,inspectors (laboratory animal facilities),,,,,
3,in chemico tests,58.33333333,,,,in chemico tests,,,,,
2,noninvasive procedures,57.89473684,,,noninvasive procedures,,,,,,
3,pole and collar technique,57.77777778,,,,pole and collar technique,,,,,
4,Vitrigel-Eye Irritancy Test (EIT),57.77777778,,,,,Vitrigel-Eye Irritancy Test (EIT),,,,
8,Cercocebus atys lunulatus,57.14285714,,,,,,,,,Cercocebus atys lunulatus
4,human tissue use,57.14285714,,,,,human tissue use,,,,
7,brain spheres,57.14285714,,,,,,,,brain spheres,
4,tramadol,57.14285714,,,,,tramadol,,,,
4,In Vitro 3T3 NRU Phototoxicity Test,56.52173913,,,,,In Vitro 3T3 NRU Phototoxicity Test,,,,
3,nest scoring (welfare),56.25,,,,nest scoring (welfare),,,,,
3,pulsatile fresh frozen human cadaver circulation model (PHCM),56,,,,pulsatile fresh frozen human cadaver circulation model (PHCM),,,,,
5,bachelor groups,56,,,,,,bachelor groups,,,
4,Universities Federation for Animal Welfare,55.73770492,,,,,Universities Federation for Animal Welfare,,,,
3,ear notching,55.55555556,,,,ear notching,,,,,
4,gabapentin,55.55555556,,,,,gabapentin,,,,
4,robenacoxib,55.55555556,,,,,robenacoxib,,,,
5,Robenacoxib,55.55555556,,,,,,Robenacoxib,,,
3,facial vein puncture,55.17241379,,,,facial vein puncture,,,,,
2,mirrors,54.54545455,,,mirrors,,,,,,
4,genomic allergen rapid detection,54.54545455,,,,,genomic allergen rapid detection,,,,
4,Norecopa,54.54545455,,,,,Norecopa,,,,
2,activity budget,53.84615385,,,activity budget,,,,,,
4,fish embryo test,53.84615385,,,,,fish embryo test,,,,
3,oral gavage,53.33333333,,,,oral gavage,,,,,
4,read-across method,53.33333333,,,,,read-across method,,,,
4,high fidelity simulation training,53.06122449,,,,,high fidelity simulation training,,,,
3,Time to Incorporate to Nest Test (TINT),52.94117647,,,,Time to Incorporate to Nest Test (TINT),,,,,
4,bovine corneal opacity and permeability (eye irritation test),52.25225225,,,,,bovine corneal opacity and permeability (eye irritation test),,,,
2,animal exercise wheel,51.85185185,,,animal exercise wheel,,,,,,
2,Boomer balls,51.85185185,,,Boomer balls,,,,,,
3,tail vein puncture,51.85185185,,,,tail vein puncture,,,,,
5,gavage needles,51.85185185,,,,,,gavage needles,,,
4,epiocular assay,51.85185185,,,,,epiocular assay,,,,
4,RTgill-W1 cell line assay,51.61290323,,,,,RTgill-W1 cell line assay,,,,
4,Twenty-Eight Hour Law,51.61290323,,,,,Twenty-Eight Hour Law,,,,
3,New Approach methodologies,51.42857143,,,,New Approach methodologies,,,,,
4,receptor binding assay,51.42857143,,,,,receptor binding assay,,,,
3,submandibular vein puncture,51.28205128,,,,submandibular vein puncture,,,,,
4,direct peptide reactivity assay,51.1627907,,,,,direct peptide reactivity assay,,,,
3,Simulation-based trauma education (SBTE),51.06382979,,,,Simulation-based trauma education (SBTE),,,,,
4,physiology based pharmacodynamic models (PBPD),50.90909091,,,,,physiology based pharmacodynamic models (PBPD),,,,
2,buccal swabs,50,,,buccal swabs,,,,,,
4,short time exposure (STE) in vitro test method,50,,,,,short time exposure (STE) in vitro test method,,,,
5,deracoxib,50,,,,,,deracoxib,,,
5,firocoxib,50,,,,,,firocoxib,,,
3,animal-friendly affinity reagents,48.97959184,,,,animal-friendly affinity reagents,,,,,
4,Humane Methods of Slaughter Act,48.88888889,,,,,Humane Methods of Slaughter Act,,,,
3,gingival vein puncture,48.48484848,,,,gingival vein puncture,,,,,
4,physiologically based pharmacokinetic models (PBPK),48.48484848,,,,,physiologically based pharmacokinetic models (PBPK),,,,
4,Integrated Approaches to Testing and Assessment,48.27586207,,,,,Integrated Approaches to Testing and Assessment,,,,
4,cytosensor microphysiometer assay,48.14814815,,,,,cytosensor microphysiometer assay,,,,
4,individually ventilated cages (IVC),47.22222222,,,,,individually ventilated cages (IVC),,,,
2,minimally-invasive methods,46.15384615,,,minimally-invasive methods,,,,,,
4,neutral red uptake assay (NRU),45.45454545,,,,,neutral red uptake assay (NRU),,,,
3,looky lous,44.44444444,,,,looky lous,,,,,
3,sublingual vein puncture,44.44444444,,,,sublingual vein puncture,,,,,
5,Mavacoxib,42.85714286,,,,,,Mavacoxib,,,